/*
    Jasmine Omeke
    CSC 453 Section 710
    Assignment 1
    September 14, 2017
*/

DROP TABLE CUSTOMER CASCADE CONSTRAINTS;
DROP TABLE FULLORDER CASCADE CONSTRAINTS;
DROP TABLE PRODUCT CASCADE CONSTRAINTS;
DROP TABLE REQUEST CASCADE CONSTRAINTS;

CREATE TABLE CUSTOMER
(
CustomerID  NUMBER(3,0),
Name        VARCHAR(32),
Address     VARCHAR(16),

CONSTRAINT PK_CUSTOMER
    PRIMARY KEY (CustomerID)
);

--INSERT TABLE VALUES
INSERT INTO CUSTOMER VALUES (2, 'CASUAL FURNITURE', 'PLANO, TX');

INSERT INTO CUSTOMER VALUES (6, 'MOUNTAIN GALLERY', 'BOULDER, CO');


CREATE TABLE FULLORDER
(
OrderID     NUMBER(4,0),
OrderDate   DATE,
CustomerID  NUMBER(3,0),

CONSTRAINT PK_FORDER
    PRIMARY KEY (OrderID),
    
CONSTRAINT PK_FORDER_CUSTOMER
    FOREIGN KEY (CustomerID)
    REFERENCES CUSTOMER(CustomerID)
);

INSERT INTO FULLORDER VALUES (1006, DATE '2010-03-24', 2);
INSERT INTO FULLORDER VALUES (1007, DATE '2010-03-25', 6);
INSERT INTO FULLORDER VALUES (1008, DATE '2010-03-25', 6);
INSERT INTO FULLORDER VALUES (1009, DATE '2010-03-26', 2);



CREATE TABLE PRODUCT
(
ProductID   NUMBER(2,0),
Description VARCHAR(30),
Finish      VARCHAR(10),
Price       DECIMAL(5,2)
            CHECK (0 <= Price AND Price <= 999.99),
            
CONSTRAINT PK_PRODUCT
PRIMARY KEY (ProductID)
);

INSERT INTO PRODUCT VALUES (10, 'WRITING DESK', 'OAK', 425);
INSERT INTO PRODUCT VALUES (30, 'DINING TABLE', 'ASH', 600);
INSERT INTO PRODUCT VALUES (40, 'ENTERTAINMENT CENTER', 'MAPLE', 650);
INSERT INTO PRODUCT VALUES (70, 'CHILDRENS DRESSER', 'PINE', 300);


CREATE TABLE REQUEST
(
OrderID     NUMBER(4,0),

ProductID   NUMBER(2,0),

Quantity    NUMBER(3,0)
CHECK (0 <= Quantity AND Quantity <= 100),
    
CONSTRAINT PK_REQ_PROD
    FOREIGN KEY (ProductID)
    REFERENCES PRODUCT(ProductID),
    
CONSTRAINT PK_REQ_FORDER
    FOREIGN KEY (OrderID)
    REFERENCES FULLORDER(OrderID)
);

INSERT INTO REQUEST VALUES (1006, 10, 4);
INSERT INTO REQUEST VALUES (1006, 30, 2);
INSERT INTO REQUEST VALUES (1006, 40, 1);
INSERT INTO REQUEST VALUES (1007, 40, 3);
INSERT INTO REQUEST VALUES (1007, 70, 1);
INSERT INTO REQUEST VALUES (1008, 70, 1);
INSERT INTO REQUEST VALUES (1009, 10, 1);
INSERT INTO REQUEST VALUES (1009, 40, 1);


SELECT * FROM CUSTOMER;
SELECT * FROM FULLORDER;
SELECT * FROM PRODUCT;
SELECT * FROM REQUEST;
